model,sisdr,STFT_loss,visqol
base_dualcodec,4.395345417658488,1.9752443393071493,4.372548174601826
averaged_dualcodec_decay_0.9,4.119294873873392,2.1094383080800374,4.251875572375027
averaged_dualcodec_decay_0.99,2.55093088944753,2.1970427831014,4.149141753862868
averaged_dualcodec_decay_0.999,2.1482256829117734,2.2288680712382,4.133148335567443
