model,sisdr,STFT_loss,visqol
averaged_model_step_0345000_decay_0.85.safetensors,-0.3778649483408247,2.5863449573516846,4.103061361337021
averaged_model_step_0345000_decay_0.9.safetensors,-0.6735828816890717,2.5637185914175853,4.111728155132217
averaged_model_step_0345000_decay_0.95.safetensors,-1.53752977507455,2.5152272156306674,4.087776871637364
