model,sisdr,STFT_loss,visqol
averaged_model_step_0260000_decay_0.85.safetensors,-0.37502364601407734,2.7520774773189,4.077233902113231
averaged_model_step_0260000_decay_0.90.safetensors,-0.302683630159923,2.69977559362139,4.076134765170196
averaged_model_step_0260000_decay_0.95.safetensors,-0.38289188912936617,2.5913448674338206,4.056550353502235
