model,sisdr,STFT_loss,visqol
base_dualcodec,4.433255569140116,1.9740632931391398,4.3702959791131475
vansh_step_1.030,4.137794788678487,2.1067891120910645,4.253749591681742
vansh_step_0.795,3.943025477727254,2.132544453938802,4.24205759513826
