model,sisdr,STFT_loss,visqol
base_dualcodec,4.433256117502848,1.9740632931391398,4.3702959791131475
dualcodec_step_0695000_model,2.6967883030573527,2.1811379194259644,4.1715374747770895
dualcodec_step_0695000_ema_decay_0.9,3.9141520659128823,2.1867331584294636,4.236155104349219
dualcodec_step_1030000_ema_decay_0.9,4.13779513835907,2.1067891120910645,4.253749591681742
