model,sisdr,STFT_loss,visqol
dualcodec_step_1030000,2.1138953308264417,2.2270153840382894,4.130413109614667
dualcodec_step_0695000,2.6971300999323526,2.181092604001363,4.171584346384254
averaged_dualcodec_decay_0.9,4.13742827574412,2.106922419865926,4.253709110107727
base_dualcodec,4.4361829121907554,1.9742010354995727,4.369973285241129
